model,hardware,prompt_size,token_size,batch_size,attention_time,routing_time,expert_time,tensor_parallel
mixtral-8x7b,h100-80gb,32,1,1,0.302622,0.10042215329687501,0.22596273504296877,2
mixtral-8x7b,h100-80gb,32,1,4,0.314132,0.10076522509375002,0.24822305548046875,2
mixtral-8x7b,h100-80gb,32,1,16,0.353570,0.103777716421875,0.39962448124218747,2
mixtral-8x7b,h100-80gb,32,1,64,0.550378,0.11343564590625002,1.2218615380546876,2
mixtral-8x7b,h100-80gb,32,1,256,1.578890,0.14267504290625,4.699204775871094,2
mixtral-8x7b,h100-80gb,32,1,1024,1.588369,0.14197443488142975,4.702349975756836,2
